ideal_arrangement,year
both_work_full_time,1991
both_work_full_time,1991
both_work_full_time,1991
both_work_full_time,1991
both_work_full_time,1991
both_work_full_time,1991
both_work_full_time,1991
both_work_full_time,1991
both_work_full_time,1991
both_work_full_time,1991
both_work_full_time,1991
both_work_full_time,1991
both_work_full_time,1991
both_work_full_time,1991
both_work_full_time,1991
both_work_full_time,1991
both_work_full_time,1991
both_work_full_time,1991
both_work_full_time,1991
both_work_full_time,1991
both_work_full_time,1991
both_work_full_time,1991
both_work_full_time,1991
both_work_full_time,1991
both_work_full_time,1991
both_work_full_time,1991
both_work_full_time,1991
both_work_full_time,1991
both_work_full_time,1991
both_work_full_time,1991
both_work_full_time,1991
both_work_full_time,1991
both_work_full_time,1991
both_work_full_time,1991
both_work_full_time,1991
both_work_full_time,1991
both_work_full_time,1991
both_work_full_time,1991
both_work_full_time,1991
both_work_full_time,1991
both_work_full_time,1991
both_work_full_time,1991
both_work_full_time,1991
both_work_full_time,1991
both_work_full_time,1991
both_work_full_time,1991
both_work_full_time,1991
both_work_full_time,1991
both_work_full_time,1991
both_work_full_time,1991
both_work_full_time,1991
both_work_full_time,1991
both_work_full_time,1991
both_work_full_time,1991
both_work_full_time,1991
both_work_full_time,1991
both_work_full_time,1991
both_work_full_time,1991
both_work_full_time,1991
both_work_full_time,1991
both_work_full_time,1991
both_work_full_time,1991
both_work_full_time,1991
both_work_full_time,1991
both_work_full_time,1991
both_work_full_time,1991
both_work_full_time,1991
both_work_full_time,1991
both_work_full_time,1991
both_work_full_time,1991
both_work_full_time,1991
both_work_full_time,1991
both_work_full_time,1991
both_work_full_time,1991
both_work_full_time,1991
both_work_full_time,1991
both_work_full_time,1991
both_work_full_time,1991
both_work_full_time,1991
both_work_full_time,1991
both_work_full_time,1991
both_work_full_time,1991
both_work_full_time,1991
both_work_full_time,1991
both_work_full_time,1991
both_work_full_time,1991
both_work_full_time,1991
both_work_full_time,1991
both_work_full_time,1991
both_work_full_time,1991
both_work_full_time,1991
both_work_full_time,1991
both_work_full_time,1991
both_work_full_time,1991
both_work_full_time,1991
both_work_full_time,1991
both_work_full_time,1991
both_work_full_time,1991
both_work_full_time,1991
both_work_full_time,1991
both_work_full_time,1991
both_work_full_time,1991
both_work_full_time,1991
both_work_full_time,1991
both_work_full_time,1991
both_work_full_time,1991
both_work_full_time,1991
both_work_full_time,1991
both_work_full_time,1991
both_work_full_time,1991
both_work_full_time,1991
both_work_full_time,1991
both_work_full_time,1991
both_work_full_time,1991
both_work_full_time,1991
both_work_full_time,1991
both_work_full_time,1991
both_work_full_time,1991
both_work_full_time,1991
both_work_full_time,1991
both_work_full_time,1991
both_work_full_time,1991
both_work_full_time,1991
both_work_full_time,1991
both_work_full_time,1991
both_work_full_time,1991
both_work_full_time,1991
both_work_full_time,1991
both_work_full_time,1991
both_work_full_time,1991
both_work_full_time,1991
both_work_full_time,1991
both_work_full_time,1991
both_work_full_time,1991
both_work_full_time,1991
both_work_full_time,1991
both_work_full_time,1991
both_work_full_time,1991
both_work_full_time,1991
both_work_full_time,1991
both_work_full_time,1991
both_work_full_time,1991
"one_works_full_time,other_part_time",1991
"one_works_full_time,other_part_time",1991
"one_works_full_time,other_part_time",1991
"one_works_full_time,other_part_time",1991
"one_works_full_time,other_part_time",1991
"one_works_full_time,other_part_time",1991
"one_works_full_time,other_part_time",1991
"one_works_full_time,other_part_time",1991
"one_works_full_time,other_part_time",1991
"one_works_full_time,other_part_time",1991
"one_works_full_time,other_part_time",1991
"one_works_full_time,other_part_time",1991
"one_works_full_time,other_part_time",1991
"one_works_full_time,other_part_time",1991
"one_works_full_time,other_part_time",1991
"one_works_full_time,other_part_time",1991
"one_works_full_time,other_part_time",1991
"one_works_full_time,other_part_time",1991
"one_works_full_time,other_part_time",1991
"one_works_full_time,other_part_time",1991
"one_works_full_time,other_part_time",1991
"one_works_full_time,other_part_time",1991
"one_works_full_time,other_part_time",1991
"one_works_full_time,other_part_time",1991
"one_works_full_time,other_part_time",1991
"one_works_full_time,other_part_time",1991
"one_works_full_time,other_part_time",1991
"one_works_full_time,other_part_time",1991
"one_works_full_time,other_part_time",1991
"one_works_full_time,other_part_time",1991
"one_works_full_time,other_part_time",1991
"one_works_full_time,other_part_time",1991
"one_works_full_time,other_part_time",1991
"one_works_full_time,other_part_time",1991
"one_works_full_time,other_part_time",1991
"one_works_full_time,other_part_time",1991
"one_works_full_time,other_part_time",1991
"one_works_full_time,other_part_time",1991
"one_works_full_time,other_part_time",1991
"one_works_full_time,other_part_time",1991
"one_works_full_time,other_part_time",1991
"one_works_full_time,other_part_time",1991
"one_works_full_time,other_part_time",1991
"one_works_full_time,other_part_time",1991
"one_works_full_time,other_part_time",1991
"one_works_full_time,other_part_time",1991
"one_works_full_time,other_part_time",1991
"one_works_full_time,other_part_time",1991
"one_works_full_time,other_part_time",1991
"one_works_full_time,other_part_time",1991
"one_works_full_time,other_part_time",1991
"one_works_full_time,other_part_time",1991
"one_works_full_time,other_part_time",1991
"one_works_full_time,other_part_time",1991
"one_works_full_time,other_part_time",1991
"one_works_full_time,other_part_time",1991
"one_works_full_time,other_part_time",1991
"one_works_full_time,other_part_time",1991
"one_works_full_time,other_part_time",1991
"one_works_full_time,other_part_time",1991
"one_works_full_time,other_part_time",1991
"one_works_full_time,other_part_time",1991
"one_works_full_time,other_part_time",1991
"one_works_full_time,other_part_time",1991
"one_works_full_time,other_part_time",1991
"one_works_full_time,other_part_time",1991
"one_works_full_time,other_part_time",1991
"one_works_full_time,other_part_time",1991
"one_works_full_time,other_part_time",1991
"one_works_full_time,other_part_time",1991
"one_works_full_time,other_part_time",1991
"one_works_full_time,other_part_time",1991
"one_works_full_time,other_part_time",1991
"one_works_full_time,other_part_time",1991
"one_works_full_time,other_part_time",1991
"one_works_full_time,other_part_time",1991
"one_works_full_time,other_part_time",1991
"one_works_full_time,other_part_time",1991
"one_works_full_time,other_part_time",1991
"one_works_full_time,other_part_time",1991
"one_works_full_time,other_part_time",1991
"one_works_full_time,other_part_time",1991
"one_works_full_time,other_part_time",1991
"one_works_full_time,other_part_time",1991
"one_works_full_time,other_part_time",1991
"one_works_full_time,other_part_time",1991
"one_works_full_time,other_part_time",1991
"one_works_full_time,other_part_time",1991
"one_works_full_time,other_part_time",1991
"one_works_full_time,other_part_time",1991
"one_works_full_time,other_part_time",1991
"one_works_full_time,other_part_time",1991
"one_works_full_time,other_part_time",1991
"one_works_full_time,other_part_time",1991
"one_works_full_time,other_part_time",1991
"one_works_full_time,other_part_time",1991
"one_works_full_time,other_part_time",1991
"one_works_full_time,other_part_time",1991
"one_works_full_time,other_part_time",1991
"one_works_full_time,other_part_time",1991
"one_works_full_time,other_part_time",1991
"one_works_full_time,other_part_time",1991
"one_works_full_time,other_part_time",1991
"one_works_full_time,other_part_time",1991
"one_works_full_time,other_part_time",1991
"one_works_full_time,other_part_time",1991
"one_works_full_time,other_part_time",1991
"one_works_full_time,other_part_time",1991
"one_works_full_time,other_part_time",1991
"one_works_full_time,other_part_time",1991
"one_works_full_time,other_part_time",1991
"one_works_full_time,other_part_time",1991
"one_works_full_time,other_part_time",1991
"one_works_full_time,other_part_time",1991
"one_works_full_time,other_part_time",1991
"one_works_full_time,other_part_time",1991
"one_works_full_time,other_part_time",1991
"one_works_full_time,other_part_time",1991
"one_works_full_time,other_part_time",1991
"one_works_full_time,other_part_time",1991
"one_works_full_time,other_part_time",1991
"one_works_full_time,other_part_time",1991
"one_works_full_time,other_part_time",1991
"one_works_full_time,other_part_time",1991
"one_works_full_time,other_part_time",1991
"one_works_full_time,other_part_time",1991
"one_works_full_time,other_part_time",1991
"one_works_full_time,other_part_time",1991
"one_works_full_time,other_part_time",1991
"one_works_full_time,other_part_time",1991
"one_works_full_time,other_part_time",1991
"one_works_full_time,other_part_time",1991
"one_works_full_time,other_part_time",1991
"one_works_full_time,other_part_time",1991
"one_works_full_time,other_part_time",1991
"one_works_full_time,other_part_time",1991
"one_works_full_time,other_part_time",1991
"one_works_full_time,other_part_time",1991
"one_works_full_time,other_part_time",1991
"one_works_full_time,other_part_time",1991
"one_works_full_time,other_part_time",1991
"one_works_full_time,other_part_time",1991
"one_works_full_time,other_part_time",1991
"one_works_full_time,other_part_time",1991
"one_works_full_time,other_part_time",1991
"one_works_full_time,other_part_time",1991
"one_works_full_time,other_part_time",1991
"one_works_full_time,other_part_time",1991
"one_works_full_time,other_part_time",1991
"one_works_full_time,other_part_time",1991
"one_works_full_time,other_part_time",1991
"one_works_full_time,other_part_time",1991
"one_works_full_time,other_part_time",1991
"one_works_full_time,other_part_time",1991
"one_works_full_time,other_part_time",1991
"one_works_full_time,other_part_time",1991
"one_works_full_time,other_part_time",1991
"one_works_full_time,other_part_time",1991
"one_works_full_time,other_part_time",1991
"one_works_full_time,other_part_time",1991
"one_works_full_time,other_part_time",1991
"one_works_full_time,other_part_time",1991
"one_works_full_time,other_part_time",1991
"one_works_full_time,other_part_time",1991
"one_works_full_time,other_part_time",1991
"one_works_full_time,other_part_time",1991
"one_works_full_time,other_part_time",1991
"one_works_full_time,other_part_time",1991
"one_works_full_time,other_part_time",1991
"one_works_full_time,other_part_time",1991
"one_works_full_time,other_part_time",1991
"one_works_full_time,other_part_time",1991
"one_works_full_time,other_part_time",1991
"one_works_full_time,other_part_time",1991
"one_works_full_time,other_part_time",1991
"one_works_full_time,other_part_time",1991
"one_works_full_time,other_part_time",1991
"one_works_full_time,other_part_time",1991
"one_works_full_time,other_part_time",1991
"one_works_full_time,other_part_time",1991
"one_works_full_time,other_part_time",1991
"one_works_full_time,other_part_time",1991
"one_works_full_time,other_part_time",1991
"one_works_full_time,other_part_time",1991
"one_works_full_time,other_part_time",1991
"one_works_full_time,other_part_time",1991
"one_works_full_time,other_part_time",1991
"one_works_full_time,other_part_time",1991
"one_works_full_time,other_part_time",1991
"one_works_full_time,other_part_time",1991
"one_works_full_time,other_part_time",1991
"one_works_full_time,other_part_time",1991
"one_works_full_time,other_part_time",1991
"one_works_full_time,other_part_time",1991
"one_works_full_time,other_part_time",1991
"one_works_full_time,other_part_time",1991
"one_works_full_time,other_part_time",1991
"one_works_full_time,other_part_time",1991
"one_works_full_time,other_part_time",1991
"one_works_full_time,other_part_time",1991
"one_works_full_time,other_part_time",1991
"one_works_full_time,other_part_time",1991
"one_works_full_time,other_part_time",1991
"one_works_full_time,other_part_time",1991
"one_works_full_time,other_part_time",1991
"one_works_full_time,other_part_time",1991
"one_works_full_time,other_part_time",1991
"one_works_full_time,other_part_time",1991
"one_works_full_time,other_part_time",1991
"one_works_full_time,other_part_time",1991
"one_works_full_time,other_part_time",1991
"one_works_full_time,other_part_time",1991
"one_works_full_time,other_part_time",1991
"one_works_full_time,other_part_time",1991
"one_works_full_time,other_part_time",1991
"one_works_full_time,other_part_time",1991
"one_works_full_time,other_part_time",1991
"one_works_full_time,other_part_time",1991
"one_works_full_time,other_part_time",1991
"one_works_full_time,other_part_time",1991
"one_works_full_time,other_part_time",1991
"one_works_full_time,other_part_time",1991
"one_works_full_time,other_part_time",1991
"one_works_full_time,other_part_time",1991
"one_works_full_time,other_part_time",1991
"one_works_full_time,other_part_time",1991
"one_works_full_time,other_part_time",1991
"one_works_full_time,other_part_time",1991
"one_works_full_time,other_part_time",1991
"one_works_full_time,other_part_time",1991
"one_works_full_time,other_part_time",1991
"one_works_full_time,other_part_time",1991
"one_works_full_time,other_part_time",1991
"one_works_full_time,other_part_time",1991
"one_works_full_time,other_part_time",1991
"one_works_full_time,other_part_time",1991
"one_works_full_time,other_part_time",1991
"one_works_full_time,other_part_time",1991
"one_works_full_time,other_part_time",1991
"one_works_full_time,other_part_time",1991
"one_works_full_time,other_part_time",1991
"one_works_full_time,other_part_time",1991
"one_works_full_time,other_part_time",1991
"one_works_full_time,other_part_time",1991
"one_works_full_time,other_part_time",1991
"one_works_full_time,other_part_time",1991
"one_works_full_time,other_part_time",1991
"one_works_full_time,other_part_time",1991
"one_works_full_time,other_part_time",1991
"one_works_full_time,other_part_time",1991
"one_works_full_time,other_part_time",1991
"one_works_full_time,other_part_time",1991
"one_works_full_time,other_part_time",1991
"one_works_full_time,other_part_time",1991
"one_works_full_time,other_part_time",1991
"one_works_full_time,other_part_time",1991
"one_works_full_time,other_part_time",1991
"one_works_full_time,other_part_time",1991
"one_works_full_time,other_part_time",1991
"one_works_full_time,other_part_time",1991
"one_works_full_time,other_part_time",1991
"one_works_full_time,other_part_time",1991
"one_works_full_time,other_part_time",1991
"one_works_full_time,other_part_time",1991
"one_works_full_time,other_part_time",1991
"one_works_full_time,other_part_time",1991
"one_works_full_time,other_part_time",1991
"one_works_full_time,other_part_time",1991
"one_works_full_time,other_part_time",1991
"one_works_full_time,other_part_time",1991
"one_works_full_time,other_part_time",1991
"one_works_full_time,other_part_time",1991
"one_works_full_time,other_part_time",1991
"one_works_full_time,other_part_time",1991
"one_works,other_works_at_home",1991
"one_works,other_works_at_home",1991
"one_works,other_works_at_home",1991
"one_works,other_works_at_home",1991
"one_works,other_works_at_home",1991
"one_works,other_works_at_home",1991
"one_works,other_works_at_home",1991
"one_works,other_works_at_home",1991
"one_works,other_works_at_home",1991
"one_works,other_works_at_home",1991
"one_works,other_works_at_home",1991
"one_works,other_works_at_home",1991
"one_works,other_works_at_home",1991
"one_works,other_works_at_home",1991
"one_works,other_works_at_home",1991
"one_works,other_works_at_home",1991
"one_works,other_works_at_home",1991
"one_works,other_works_at_home",1991
"one_works,other_works_at_home",1991
"one_works,other_works_at_home",1991
"one_works,other_works_at_home",1991
"one_works,other_works_at_home",1991
"one_works,other_works_at_home",1991
"one_works,other_works_at_home",1991
"one_works,other_works_at_home",1991
"one_works,other_works_at_home",1991
"one_works,other_works_at_home",1991
"one_works,other_works_at_home",1991
"one_works,other_works_at_home",1991
"one_works,other_works_at_home",1991
"one_works,other_works_at_home",1991
"one_works,other_works_at_home",1991
"one_works,other_works_at_home",1991
"one_works,other_works_at_home",1991
"one_works,other_works_at_home",1991
"one_works,other_works_at_home",1991
"one_works,other_works_at_home",1991
"one_works,other_works_at_home",1991
"one_works,other_works_at_home",1991
"one_works,other_works_at_home",1991
"one_works,other_works_at_home",1991
"one_works,other_works_at_home",1991
"one_works,other_works_at_home",1991
"one_works,other_works_at_home",1991
"one_works,other_works_at_home",1991
"one_works,other_works_at_home",1991
"one_works,other_works_at_home",1991
"one_works,other_works_at_home",1991
"one_works,other_works_at_home",1991
"one_works,other_works_at_home",1991
"one_works,other_works_at_home",1991
"one_works,other_works_at_home",1991
"one_works,other_works_at_home",1991
"one_works,other_works_at_home",1991
"one_works,other_works_at_home",1991
"one_works,other_works_at_home",1991
"one_works,other_works_at_home",1991
"one_works,other_works_at_home",1991
"one_works,other_works_at_home",1991
"one_works,other_works_at_home",1991
"one_works,other_works_at_home",1991
"one_works,other_works_at_home",1991
"one_works,other_works_at_home",1991
"one_works,other_works_at_home",1991
"one_works,other_works_at_home",1991
"one_works,other_works_at_home",1991
"one_works,other_works_at_home",1991
"one_works,other_works_at_home",1991
"one_works,other_works_at_home",1991
"one_works,other_works_at_home",1991
"one_works,other_works_at_home",1991
"one_works,other_works_at_home",1991
"one_works,other_works_at_home",1991
"one_works,other_works_at_home",1991
"one_works,other_works_at_home",1991
"one_works,other_works_at_home",1991
"one_works,other_works_at_home",1991
"one_works,other_works_at_home",1991
"one_works,other_works_at_home",1991
"one_works,other_works_at_home",1991
"one_works,other_works_at_home",1991
"one_works,other_works_at_home",1991
"one_works,other_works_at_home",1991
"one_works,other_works_at_home",1991
"one_works,other_works_at_home",1991
"one_works,other_works_at_home",1991
"one_works,other_works_at_home",1991
"one_works,other_works_at_home",1991
"one_works,other_works_at_home",1991
"one_works,other_works_at_home",1991
"one_works,other_works_at_home",1991
"one_works,other_works_at_home",1991
"one_works,other_works_at_home",1991
"one_works,other_works_at_home",1991
"one_works,other_works_at_home",1991
"one_works,other_works_at_home",1991
"one_works,other_works_at_home",1991
"one_works,other_works_at_home",1991
"one_works,other_works_at_home",1991
"one_works,other_works_at_home",1991
"one_works,other_works_at_home",1991
"one_works,other_works_at_home",1991
"one_works,other_works_at_home",1991
"one_works,other_works_at_home",1991
"one_works,other_works_at_home",1991
"one_works,other_works_at_home",1991
"one_works,other_works_at_home",1991
"one_works,other_works_at_home",1991
"one_works,other_works_at_home",1991
"one_works,other_works_at_home",1991
"one_works,other_works_at_home",1991
"one_works,other_works_at_home",1991
"one_works,other_works_at_home",1991
"one_works,other_works_at_home",1991
"one_works,other_works_at_home",1991
"one_works,other_works_at_home",1991
"one_works,other_works_at_home",1991
"one_works,other_works_at_home",1991
"one_works,other_works_at_home",1991
"one_works,other_works_at_home",1991
"one_works,other_works_at_home",1991
"one_works,other_works_at_home",1991
"one_works,other_works_at_home",1991
"one_works,other_works_at_home",1991
"one_works,other_works_at_home",1991
"one_works,other_works_at_home",1991
"one_works,other_works_at_home",1991
"one_works,other_works_at_home",1991
"one_works,other_works_at_home",1991
"one_works,other_works_at_home",1991
"one_works,other_works_at_home",1991
"one_works,other_works_at_home",1991
"one_works,other_works_at_home",1991
"one_works,other_works_at_home",1991
"one_works,other_works_at_home",1991
"one_works,other_works_at_home",1991
"one_works,other_works_at_home",1991
"one_works,other_works_at_home",1991
"one_works,other_works_at_home",1991
"one_works,other_works_at_home",1991
"one_works,other_works_at_home",1991
"one_works,other_works_at_home",1991
"one_works,other_works_at_home",1991
"one_works,other_works_at_home",1991
"one_works,other_works_at_home",1991
"one_works,other_works_at_home",1991
"one_works,other_works_at_home",1991
"one_works,other_works_at_home",1991
"one_works,other_works_at_home",1991
"one_works,other_works_at_home",1991
"one_works,other_works_at_home",1991
"one_works,other_works_at_home",1991
"one_works,other_stays_home_for_kids",1991
"one_works,other_stays_home_for_kids",1991
"one_works,other_stays_home_for_kids",1991
"one_works,other_stays_home_for_kids",1991
"one_works,other_stays_home_for_kids",1991
"one_works,other_stays_home_for_kids",1991
"one_works,other_stays_home_for_kids",1991
"one_works,other_stays_home_for_kids",1991
"one_works,other_stays_home_for_kids",1991
"one_works,other_stays_home_for_kids",1991
"one_works,other_stays_home_for_kids",1991
"one_works,other_stays_home_for_kids",1991
"one_works,other_stays_home_for_kids",1991
"one_works,other_stays_home_for_kids",1991
"one_works,other_stays_home_for_kids",1991
"one_works,other_stays_home_for_kids",1991
"one_works,other_stays_home_for_kids",1991
"one_works,other_stays_home_for_kids",1991
"one_works,other_stays_home_for_kids",1991
"one_works,other_stays_home_for_kids",1991
"one_works,other_stays_home_for_kids",1991
"one_works,other_stays_home_for_kids",1991
"one_works,other_stays_home_for_kids",1991
"one_works,other_stays_home_for_kids",1991
"one_works,other_stays_home_for_kids",1991
"one_works,other_stays_home_for_kids",1991
"one_works,other_stays_home_for_kids",1991
"one_works,other_stays_home_for_kids",1991
"one_works,other_stays_home_for_kids",1991
"one_works,other_stays_home_for_kids",1991
"one_works,other_stays_home_for_kids",1991
"one_works,other_stays_home_for_kids",1991
"one_works,other_stays_home_for_kids",1991
"one_works,other_stays_home_for_kids",1991
"one_works,other_stays_home_for_kids",1991
"one_works,other_stays_home_for_kids",1991
"one_works,other_stays_home_for_kids",1991
"one_works,other_stays_home_for_kids",1991
"one_works,other_stays_home_for_kids",1991
"one_works,other_stays_home_for_kids",1991
"one_works,other_stays_home_for_kids",1991
"one_works,other_stays_home_for_kids",1991
"one_works,other_stays_home_for_kids",1991
"one_works,other_stays_home_for_kids",1991
"one_works,other_stays_home_for_kids",1991
"one_works,other_stays_home_for_kids",1991
"one_works,other_stays_home_for_kids",1991
"one_works,other_stays_home_for_kids",1991
"one_works,other_stays_home_for_kids",1991
"one_works,other_stays_home_for_kids",1991
"one_works,other_stays_home_for_kids",1991
"one_works,other_stays_home_for_kids",1991
"one_works,other_stays_home_for_kids",1991
"one_works,other_stays_home_for_kids",1991
"one_works,other_stays_home_for_kids",1991
"one_works,other_stays_home_for_kids",1991
"one_works,other_stays_home_for_kids",1991
"one_works,other_stays_home_for_kids",1991
"one_works,other_stays_home_for_kids",1991
"one_works,other_stays_home_for_kids",1991
"one_works,other_stays_home_for_kids",1991
"one_works,other_stays_home_for_kids",1991
"one_works,other_stays_home_for_kids",1991
"one_works,other_stays_home_for_kids",1991
"one_works,other_stays_home_for_kids",1991
"one_works,other_stays_home_for_kids",1991
"one_works,other_stays_home_for_kids",1991
"one_works,other_stays_home_for_kids",1991
"one_works,other_stays_home_for_kids",1991
"one_works,other_stays_home_for_kids",1991
"one_works,other_stays_home_for_kids",1991
"one_works,other_stays_home_for_kids",1991
"one_works,other_stays_home_for_kids",1991
"one_works,other_stays_home_for_kids",1991
"one_works,other_stays_home_for_kids",1991
"one_works,other_stays_home_for_kids",1991
"one_works,other_stays_home_for_kids",1991
"one_works,other_stays_home_for_kids",1991
"one_works,other_stays_home_for_kids",1991
"one_works,other_stays_home_for_kids",1991
"one_works,other_stays_home_for_kids",1991
"one_works,other_stays_home_for_kids",1991
"one_works,other_stays_home_for_kids",1991
"one_works,other_stays_home_for_kids",1991
"one_works,other_stays_home_for_kids",1991
"one_works,other_stays_home_for_kids",1991
"one_works,other_stays_home_for_kids",1991
"one_works,other_stays_home_for_kids",1991
"one_works,other_stays_home_for_kids",1991
"one_works,other_stays_home_for_kids",1991
"one_works,other_stays_home_for_kids",1991
"one_works,other_stays_home_for_kids",1991
"one_works,other_stays_home_for_kids",1991
"one_works,other_stays_home_for_kids",1991
"one_works,other_stays_home_for_kids",1991
"one_works,other_stays_home_for_kids",1991
"one_works,other_stays_home_for_kids",1991
"one_works,other_stays_home_for_kids",1991
"one_works,other_stays_home_for_kids",1991
"one_works,other_stays_home_for_kids",1991
"one_works,other_stays_home_for_kids",1991
"one_works,other_stays_home_for_kids",1991
"one_works,other_stays_home_for_kids",1991
"one_works,other_stays_home_for_kids",1991
"one_works,other_stays_home_for_kids",1991
"one_works,other_stays_home_for_kids",1991
"one_works,other_stays_home_for_kids",1991
"one_works,other_stays_home_for_kids",1991
"one_works,other_stays_home_for_kids",1991
"one_works,other_stays_home_for_kids",1991
"one_works,other_stays_home_for_kids",1991
"one_works,other_stays_home_for_kids",1991
"one_works,other_stays_home_for_kids",1991
"one_works,other_stays_home_for_kids",1991
"one_works,other_stays_home_for_kids",1991
"one_works,other_stays_home_for_kids",1991
"one_works,other_stays_home_for_kids",1991
"one_works,other_stays_home_for_kids",1991
"one_works,other_stays_home_for_kids",1991
"one_works,other_stays_home_for_kids",1991
"one_works,other_stays_home_for_kids",1991
"one_works,other_stays_home_for_kids",1991
"one_works,other_stays_home_for_kids",1991
"one_works,other_stays_home_for_kids",1991
"one_works,other_stays_home_for_kids",1991
"one_works,other_stays_home_for_kids",1991
"one_works,other_stays_home_for_kids",1991
"one_works,other_stays_home_for_kids",1991
"one_works,other_stays_home_for_kids",1991
"one_works,other_stays_home_for_kids",1991
"one_works,other_stays_home_for_kids",1991
"one_works,other_stays_home_for_kids",1991
"one_works,other_stays_home_for_kids",1991
"one_works,other_stays_home_for_kids",1991
"one_works,other_stays_home_for_kids",1991
"one_works,other_stays_home_for_kids",1991
"one_works,other_stays_home_for_kids",1991
"one_works,other_stays_home_for_kids",1991
"one_works,other_stays_home_for_kids",1991
"one_works,other_stays_home_for_kids",1991
"one_works,other_stays_home_for_kids",1991
"one_works,other_stays_home_for_kids",1991
"one_works,other_stays_home_for_kids",1991
"one_works,other_stays_home_for_kids",1991
"one_works,other_stays_home_for_kids",1991
"one_works,other_stays_home_for_kids",1991
"one_works,other_stays_home_for_kids",1991
"one_works,other_stays_home_for_kids",1991
"one_works,other_stays_home_for_kids",1991
"one_works,other_stays_home_for_kids",1991
"one_works,other_stays_home_for_kids",1991
"one_works,other_stays_home_for_kids",1991
"one_works,other_stays_home_for_kids",1991
"one_works,other_stays_home_for_kids",1991
"one_works,other_stays_home_for_kids",1991
"one_works,other_stays_home_for_kids",1991
"one_works,other_stays_home_for_kids",1991
"one_works,other_stays_home_for_kids",1991
"one_works,other_stays_home_for_kids",1991
"one_works,other_stays_home_for_kids",1991
"one_works,other_stays_home_for_kids",1991
"one_works,other_stays_home_for_kids",1991
"one_works,other_stays_home_for_kids",1991
"one_works,other_stays_home_for_kids",1991
"one_works,other_stays_home_for_kids",1991
"one_works,other_stays_home_for_kids",1991
"one_works,other_stays_home_for_kids",1991
"one_works,other_stays_home_for_kids",1991
"one_works,other_stays_home_for_kids",1991
"one_works,other_stays_home_for_kids",1991
"one_works,other_stays_home_for_kids",1991
"one_works,other_stays_home_for_kids",1991
"one_works,other_stays_home_for_kids",1991
"one_works,other_stays_home_for_kids",1991
"one_works,other_stays_home_for_kids",1991
"one_works,other_stays_home_for_kids",1991
"one_works,other_stays_home_for_kids",1991
"one_works,other_stays_home_for_kids",1991
"one_works,other_stays_home_for_kids",1991
"one_works,other_stays_home_for_kids",1991
"one_works,other_stays_home_for_kids",1991
"one_works,other_stays_home_for_kids",1991
"one_works,other_stays_home_for_kids",1991
"one_works,other_stays_home_for_kids",1991
"one_works,other_stays_home_for_kids",1991
"one_works,other_stays_home_for_kids",1991
"one_works,other_stays_home_for_kids",1991
"one_works,other_stays_home_for_kids",1991
"one_works,other_stays_home_for_kids",1991
"one_works,other_stays_home_for_kids",1991
"one_works,other_stays_home_for_kids",1991
"one_works,other_stays_home_for_kids",1991
"one_works,other_stays_home_for_kids",1991
"one_works,other_stays_home_for_kids",1991
"one_works,other_stays_home_for_kids",1991
"one_works,other_stays_home_for_kids",1991
"one_works,other_stays_home_for_kids",1991
"one_works,other_stays_home_for_kids",1991
"one_works,other_stays_home_for_kids",1991
"one_works,other_stays_home_for_kids",1991
"one_works,other_stays_home_for_kids",1991
"one_works,other_stays_home_for_kids",1991
"one_works,other_stays_home_for_kids",1991
"one_works,other_stays_home_for_kids",1991
"one_works,other_stays_home_for_kids",1991
"one_works,other_stays_home_for_kids",1991
"one_works,other_stays_home_for_kids",1991
"one_works,other_stays_home_for_kids",1991
"one_works,other_stays_home_for_kids",1991
"one_works,other_stays_home_for_kids",1991
"one_works,other_stays_home_for_kids",1991
"one_works,other_stays_home_for_kids",1991
"one_works,other_stays_home_for_kids",1991
"one_works,other_stays_home_for_kids",1991
"one_works,other_stays_home_for_kids",1991
"one_works,other_stays_home_for_kids",1991
"one_works,other_stays_home_for_kids",1991
"one_works,other_stays_home_for_kids",1991
"one_works,other_stays_home_for_kids",1991
"one_works,other_stays_home_for_kids",1991
"one_works,other_stays_home_for_kids",1991
"one_works,other_stays_home_for_kids",1991
"one_works,other_stays_home_for_kids",1991
"one_works,other_stays_home_for_kids",1991
"one_works,other_stays_home_for_kids",1991
"one_works,other_stays_home_for_kids",1991
"one_works,other_stays_home_for_kids",1991
"one_works,other_stays_home_for_kids",1991
"one_works,other_stays_home_for_kids",1991
"one_works,other_stays_home_for_kids",1991
"one_works,other_stays_home_for_kids",1991
"one_works,other_stays_home_for_kids",1991
"one_works,other_stays_home_for_kids",1991
"one_works,other_stays_home_for_kids",1991
"one_works,other_stays_home_for_kids",1991
"one_works,other_stays_home_for_kids",1991
"one_works,other_stays_home_for_kids",1991
"one_works,other_stays_home_for_kids",1991
"one_works,other_stays_home_for_kids",1991
"one_works,other_stays_home_for_kids",1991
"one_works,other_stays_home_for_kids",1991
"one_works,other_stays_home_for_kids",1991
"one_works,other_stays_home_for_kids",1991
"one_works,other_stays_home_for_kids",1991
"one_works,other_stays_home_for_kids",1991
"one_works,other_stays_home_for_kids",1991
"one_works,other_stays_home_for_kids",1991
"one_works,other_stays_home_for_kids",1991
"one_works,other_stays_home_for_kids",1991
"one_works,other_stays_home_for_kids",1991
"one_works,other_stays_home_for_kids",1991
"one_works,other_stays_home_for_kids",1991
"one_works,other_stays_home_for_kids",1991
"one_works,other_stays_home_for_kids",1991
"one_works,other_stays_home_for_kids",1991
"one_works,other_stays_home_for_kids",1991
"one_works,other_stays_home_for_kids",1991
"one_works,other_stays_home_for_kids",1991
"one_works,other_stays_home_for_kids",1991
"one_works,other_stays_home_for_kids",1991
"one_works,other_stays_home_for_kids",1991
"one_works,other_stays_home_for_kids",1991
"one_works,other_stays_home_for_kids",1991
"one_works,other_stays_home_for_kids",1991
"one_works,other_stays_home_for_kids",1991
"one_works,other_stays_home_for_kids",1991
"one_works,other_stays_home_for_kids",1991
"one_works,other_stays_home_for_kids",1991
"one_works,other_stays_home_for_kids",1991
"one_works,other_stays_home_for_kids",1991
"one_works,other_stays_home_for_kids",1991
"one_works,other_stays_home_for_kids",1991
"one_works,other_stays_home_for_kids",1991
"one_works,other_stays_home_for_kids",1991
"one_works,other_stays_home_for_kids",1991
"one_works,other_stays_home_for_kids",1991
"one_works,other_stays_home_for_kids",1991
"one_works,other_stays_home_for_kids",1991
"one_works,other_stays_home_for_kids",1991
"one_works,other_stays_home_for_kids",1991
"one_works,other_stays_home_for_kids",1991
"one_works,other_stays_home_for_kids",1991
"one_works,other_stays_home_for_kids",1991
"one_works,other_stays_home_for_kids",1991
"one_works,other_stays_home_for_kids",1991
"one_works,other_stays_home_for_kids",1991
"one_works,other_stays_home_for_kids",1991
"one_works,other_stays_home_for_kids",1991
"one_works,other_stays_home_for_kids",1991
"one_works,other_stays_home_for_kids",1991
"one_works,other_stays_home_for_kids",1991
"one_works,other_stays_home_for_kids",1991
"one_works,other_stays_home_for_kids",1991
"one_works,other_stays_home_for_kids",1991
"one_works,other_stays_home_for_kids",1991
"one_works,other_stays_home_for_kids",1991
"one_works,other_stays_home_for_kids",1991
"one_works,other_stays_home_for_kids",1991
"one_works,other_stays_home_for_kids",1991
"one_works,other_stays_home_for_kids",1991
"one_works,other_stays_home_for_kids",1991
"one_works,other_stays_home_for_kids",1991
"one_works,other_stays_home_for_kids",1991
"one_works,other_stays_home_for_kids",1991
"one_works,other_stays_home_for_kids",1991
"one_works,other_stays_home_for_kids",1991
"one_works,other_stays_home_for_kids",1991
"one_works,other_stays_home_for_kids",1991
"one_works,other_stays_home_for_kids",1991
"one_works,other_stays_home_for_kids",1991
"one_works,other_stays_home_for_kids",1991
"one_works,other_stays_home_for_kids",1991
"one_works,other_stays_home_for_kids",1991
"one_works,other_stays_home_for_kids",1991
"one_works,other_stays_home_for_kids",1991
"one_works,other_stays_home_for_kids",1991
"one_works,other_stays_home_for_kids",1991
"one_works,other_stays_home_for_kids",1991
"one_works,other_stays_home_for_kids",1991
"one_works,other_stays_home_for_kids",1991
"one_works,other_stays_home_for_kids",1991
"one_works,other_stays_home_for_kids",1991
"one_works,other_stays_home_for_kids",1991
"one_works,other_stays_home_for_kids",1991
"one_works,other_stays_home_for_kids",1991
"one_works,other_stays_home_for_kids",1991
"one_works,other_stays_home_for_kids",1991
"one_works,other_stays_home_for_kids",1991
"one_works,other_stays_home_for_kids",1991
"one_works,other_stays_home_for_kids",1991
"one_works,other_stays_home_for_kids",1991
"one_works,other_stays_home_for_kids",1991
"one_works,other_stays_home_for_kids",1991
"one_works,other_stays_home_for_kids",1991
"one_works,other_stays_home_for_kids",1991
"one_works,other_stays_home_for_kids",1991
"one_works,other_stays_home_for_kids",1991
"one_works,other_stays_home_for_kids",1991
"one_works,other_stays_home_for_kids",1991
"one_works,other_stays_home_for_kids",1991
"one_works,other_stays_home_for_kids",1991
"one_works,other_stays_home_for_kids",1991
"one_works,other_stays_home_for_kids",1991
"one_works,other_stays_home_for_kids",1991
"one_works,other_stays_home_for_kids",1991
"one_works,other_stays_home_for_kids",1991
"one_works,other_stays_home_for_kids",1991
"one_works,other_stays_home_for_kids",1991
"one_works,other_stays_home_for_kids",1991
"one_works,other_stays_home_for_kids",1991
"one_works,other_stays_home_for_kids",1991
"one_works,other_stays_home_for_kids",1991
"one_works,other_stays_home_for_kids",1991
"one_works,other_stays_home_for_kids",1991
"one_works,other_stays_home_for_kids",1991
"one_works,other_stays_home_for_kids",1991
"one_works,other_stays_home_for_kids",1991
"one_works,other_stays_home_for_kids",1991
"one_works,other_stays_home_for_kids",1991
"one_works,other_stays_home_for_kids",1991
"one_works,other_stays_home_for_kids",1991
"one_works,other_stays_home_for_kids",1991
"one_works,other_stays_home_for_kids",1991
"one_works,other_stays_home_for_kids",1991
"one_works,other_stays_home_for_kids",1991
"one_works,other_stays_home_for_kids",1991
"one_works,other_stays_home_for_kids",1991
"one_works,other_stays_home_for_kids",1991
"one_works,other_stays_home_for_kids",1991
"one_works,other_stays_home_for_kids",1991
"one_works,other_stays_home_for_kids",1991
"one_works,other_stays_home_for_kids",1991
"one_works,other_stays_home_for_kids",1991
"one_works,other_stays_home_for_kids",1991
"one_works,other_stays_home_for_kids",1991
"one_works,other_stays_home_for_kids",1991
"one_works,other_stays_home_for_kids",1991
"one_works,other_stays_home_for_kids",1991
"one_works,other_stays_home_for_kids",1991
"one_works,other_stays_home_for_kids",1991
"one_works,other_stays_home_for_kids",1991
"one_works,other_stays_home_for_kids",1991
"one_works,other_stays_home_for_kids",1991
"one_works,other_stays_home_for_kids",1991
"one_works,other_stays_home_for_kids",1991
"one_works,other_stays_home_for_kids",1991
"one_works,other_stays_home_for_kids",1991
"one_works,other_stays_home_for_kids",1991
"one_works,other_stays_home_for_kids",1991
"one_works,other_stays_home_for_kids",1991
"one_works,other_stays_home_for_kids",1991
"one_works,other_stays_home_for_kids",1991
"one_works,other_stays_home_for_kids",1991
"one_works,other_stays_home_for_kids",1991
"one_works,other_stays_home_for_kids",1991
"one_works,other_stays_home_for_kids",1991
no_opinion,1991
no_opinion,1991
no_opinion,1991
no_opinion,1991
no_opinion,1991
no_opinion,1991
no_opinion,1991
no_opinion,1991
no_opinion,1991
no_opinion,1991
no_opinion,1991
no_opinion,1991
no_opinion,1991
no_opinion,1991
no_opinion,1991
no_opinion,1991
no_opinion,1991
no_opinion,1991
no_opinion,1991
no_opinion,1991
no_opinion,1991
no_opinion,1991
no_opinion,1991
no_opinion,1991
no_opinion,1991
no_opinion,1991
no_opinion,1991
no_opinion,1991
no_opinion,1991
no_opinion,1991
no_opinion,1991
no_opinion,1991
no_opinion,1991
no_opinion,1991
no_opinion,1991
no_opinion,1991
no_opinion,1991
no_opinion,1991
no_opinion,1991
no_opinion,1991
no_opinion,1991
no_opinion,1991
no_opinion,1991
no_opinion,1991
no_opinion,1991
no_opinion,1991
no_opinion,1991
no_opinion,1991
no_opinion,1991
no_opinion,1991
no_opinion,1991
both_work_full_time,2001
both_work_full_time,2001
both_work_full_time,2001
both_work_full_time,2001
both_work_full_time,2001
both_work_full_time,2001
both_work_full_time,2001
both_work_full_time,2001
both_work_full_time,2001
both_work_full_time,2001
both_work_full_time,2001
both_work_full_time,2001
both_work_full_time,2001
both_work_full_time,2001
both_work_full_time,2001
both_work_full_time,2001
both_work_full_time,2001
both_work_full_time,2001
both_work_full_time,2001
both_work_full_time,2001
both_work_full_time,2001
both_work_full_time,2001
both_work_full_time,2001
both_work_full_time,2001
both_work_full_time,2001
both_work_full_time,2001
both_work_full_time,2001
both_work_full_time,2001
both_work_full_time,2001
both_work_full_time,2001
both_work_full_time,2001
both_work_full_time,2001
both_work_full_time,2001
both_work_full_time,2001
both_work_full_time,2001
both_work_full_time,2001
both_work_full_time,2001
both_work_full_time,2001
both_work_full_time,2001
both_work_full_time,2001
both_work_full_time,2001
both_work_full_time,2001
both_work_full_time,2001
both_work_full_time,2001
both_work_full_time,2001
both_work_full_time,2001
both_work_full_time,2001
both_work_full_time,2001
both_work_full_time,2001
both_work_full_time,2001
both_work_full_time,2001
both_work_full_time,2001
both_work_full_time,2001
both_work_full_time,2001
both_work_full_time,2001
both_work_full_time,2001
both_work_full_time,2001
both_work_full_time,2001
both_work_full_time,2001
both_work_full_time,2001
both_work_full_time,2001
both_work_full_time,2001
both_work_full_time,2001
both_work_full_time,2001
both_work_full_time,2001
both_work_full_time,2001
both_work_full_time,2001
both_work_full_time,2001
both_work_full_time,2001
both_work_full_time,2001
both_work_full_time,2001
both_work_full_time,2001
both_work_full_time,2001
both_work_full_time,2001
both_work_full_time,2001
both_work_full_time,2001
both_work_full_time,2001
both_work_full_time,2001
both_work_full_time,2001
both_work_full_time,2001
both_work_full_time,2001
both_work_full_time,2001
both_work_full_time,2001
both_work_full_time,2001
both_work_full_time,2001
both_work_full_time,2001
both_work_full_time,2001
both_work_full_time,2001
both_work_full_time,2001
both_work_full_time,2001
both_work_full_time,2001
both_work_full_time,2001
both_work_full_time,2001
both_work_full_time,2001
both_work_full_time,2001
both_work_full_time,2001
both_work_full_time,2001
both_work_full_time,2001
both_work_full_time,2001
both_work_full_time,2001
both_work_full_time,2001
both_work_full_time,2001
both_work_full_time,2001
both_work_full_time,2001
both_work_full_time,2001
both_work_full_time,2001
both_work_full_time,2001
both_work_full_time,2001
both_work_full_time,2001
both_work_full_time,2001
both_work_full_time,2001
both_work_full_time,2001
both_work_full_time,2001
both_work_full_time,2001
both_work_full_time,2001
both_work_full_time,2001
both_work_full_time,2001
both_work_full_time,2001
both_work_full_time,2001
both_work_full_time,2001
both_work_full_time,2001
both_work_full_time,2001
both_work_full_time,2001
both_work_full_time,2001
both_work_full_time,2001
both_work_full_time,2001
both_work_full_time,2001
both_work_full_time,2001
both_work_full_time,2001
both_work_full_time,2001
both_work_full_time,2001
"one_works_full_time,other_part_time",2001
"one_works_full_time,other_part_time",2001
"one_works_full_time,other_part_time",2001
"one_works_full_time,other_part_time",2001
"one_works_full_time,other_part_time",2001
"one_works_full_time,other_part_time",2001
"one_works_full_time,other_part_time",2001
"one_works_full_time,other_part_time",2001
"one_works_full_time,other_part_time",2001
"one_works_full_time,other_part_time",2001
"one_works_full_time,other_part_time",2001
"one_works_full_time,other_part_time",2001
"one_works_full_time,other_part_time",2001
"one_works_full_time,other_part_time",2001
"one_works_full_time,other_part_time",2001
"one_works_full_time,other_part_time",2001
"one_works_full_time,other_part_time",2001
"one_works_full_time,other_part_time",2001
"one_works_full_time,other_part_time",2001
"one_works_full_time,other_part_time",2001
"one_works_full_time,other_part_time",2001
"one_works_full_time,other_part_time",2001
"one_works_full_time,other_part_time",2001
"one_works_full_time,other_part_time",2001
"one_works_full_time,other_part_time",2001
"one_works_full_time,other_part_time",2001
"one_works_full_time,other_part_time",2001
"one_works_full_time,other_part_time",2001
"one_works_full_time,other_part_time",2001
"one_works_full_time,other_part_time",2001
"one_works_full_time,other_part_time",2001
"one_works_full_time,other_part_time",2001
"one_works_full_time,other_part_time",2001
"one_works_full_time,other_part_time",2001
"one_works_full_time,other_part_time",2001
"one_works_full_time,other_part_time",2001
"one_works_full_time,other_part_time",2001
"one_works_full_time,other_part_time",2001
"one_works_full_time,other_part_time",2001
"one_works_full_time,other_part_time",2001
"one_works_full_time,other_part_time",2001
"one_works_full_time,other_part_time",2001
"one_works_full_time,other_part_time",2001
"one_works_full_time,other_part_time",2001
"one_works_full_time,other_part_time",2001
"one_works_full_time,other_part_time",2001
"one_works_full_time,other_part_time",2001
"one_works_full_time,other_part_time",2001
"one_works_full_time,other_part_time",2001
"one_works_full_time,other_part_time",2001
"one_works_full_time,other_part_time",2001
"one_works_full_time,other_part_time",2001
"one_works_full_time,other_part_time",2001
"one_works_full_time,other_part_time",2001
"one_works_full_time,other_part_time",2001
"one_works_full_time,other_part_time",2001
"one_works_full_time,other_part_time",2001
"one_works_full_time,other_part_time",2001
"one_works_full_time,other_part_time",2001
"one_works_full_time,other_part_time",2001
"one_works_full_time,other_part_time",2001
"one_works_full_time,other_part_time",2001
"one_works_full_time,other_part_time",2001
"one_works_full_time,other_part_time",2001
"one_works_full_time,other_part_time",2001
"one_works_full_time,other_part_time",2001
"one_works_full_time,other_part_time",2001
"one_works_full_time,other_part_time",2001
"one_works_full_time,other_part_time",2001
"one_works_full_time,other_part_time",2001
"one_works_full_time,other_part_time",2001
"one_works_full_time,other_part_time",2001
"one_works_full_time,other_part_time",2001
"one_works_full_time,other_part_time",2001
"one_works_full_time,other_part_time",2001
"one_works_full_time,other_part_time",2001
"one_works_full_time,other_part_time",2001
"one_works_full_time,other_part_time",2001
"one_works_full_time,other_part_time",2001
"one_works_full_time,other_part_time",2001
"one_works_full_time,other_part_time",2001
"one_works_full_time,other_part_time",2001
"one_works_full_time,other_part_time",2001
"one_works_full_time,other_part_time",2001
"one_works_full_time,other_part_time",2001
"one_works_full_time,other_part_time",2001
"one_works_full_time,other_part_time",2001
"one_works_full_time,other_part_time",2001
"one_works_full_time,other_part_time",2001
"one_works_full_time,other_part_time",2001
"one_works_full_time,other_part_time",2001
"one_works_full_time,other_part_time",2001
"one_works_full_time,other_part_time",2001
"one_works_full_time,other_part_time",2001
"one_works_full_time,other_part_time",2001
"one_works_full_time,other_part_time",2001
"one_works_full_time,other_part_time",2001
"one_works_full_time,other_part_time",2001
"one_works_full_time,other_part_time",2001
"one_works_full_time,other_part_time",2001
"one_works_full_time,other_part_time",2001
"one_works_full_time,other_part_time",2001
"one_works_full_time,other_part_time",2001
"one_works_full_time,other_part_time",2001
"one_works_full_time,other_part_time",2001
"one_works_full_time,other_part_time",2001
"one_works_full_time,other_part_time",2001
"one_works_full_time,other_part_time",2001
"one_works_full_time,other_part_time",2001
"one_works_full_time,other_part_time",2001
"one_works_full_time,other_part_time",2001
"one_works_full_time,other_part_time",2001
"one_works_full_time,other_part_time",2001
"one_works_full_time,other_part_time",2001
"one_works_full_time,other_part_time",2001
"one_works_full_time,other_part_time",2001
"one_works_full_time,other_part_time",2001
"one_works_full_time,other_part_time",2001
"one_works_full_time,other_part_time",2001
"one_works_full_time,other_part_time",2001
"one_works_full_time,other_part_time",2001
"one_works_full_time,other_part_time",2001
"one_works_full_time,other_part_time",2001
"one_works_full_time,other_part_time",2001
"one_works_full_time,other_part_time",2001
"one_works_full_time,other_part_time",2001
"one_works_full_time,other_part_time",2001
"one_works_full_time,other_part_time",2001
"one_works_full_time,other_part_time",2001
"one_works_full_time,other_part_time",2001
"one_works_full_time,other_part_time",2001
"one_works_full_time,other_part_time",2001
"one_works_full_time,other_part_time",2001
"one_works_full_time,other_part_time",2001
"one_works_full_time,other_part_time",2001
"one_works_full_time,other_part_time",2001
"one_works_full_time,other_part_time",2001
"one_works_full_time,other_part_time",2001
"one_works_full_time,other_part_time",2001
"one_works_full_time,other_part_time",2001
"one_works_full_time,other_part_time",2001
"one_works_full_time,other_part_time",2001
"one_works_full_time,other_part_time",2001
"one_works_full_time,other_part_time",2001
"one_works_full_time,other_part_time",2001
"one_works_full_time,other_part_time",2001
"one_works_full_time,other_part_time",2001
"one_works_full_time,other_part_time",2001
"one_works_full_time,other_part_time",2001
"one_works_full_time,other_part_time",2001
"one_works_full_time,other_part_time",2001
"one_works_full_time,other_part_time",2001
"one_works_full_time,other_part_time",2001
"one_works_full_time,other_part_time",2001
"one_works_full_time,other_part_time",2001
"one_works_full_time,other_part_time",2001
"one_works_full_time,other_part_time",2001
"one_works_full_time,other_part_time",2001
"one_works_full_time,other_part_time",2001
"one_works_full_time,other_part_time",2001
"one_works_full_time,other_part_time",2001
"one_works_full_time,other_part_time",2001
"one_works_full_time,other_part_time",2001
"one_works_full_time,other_part_time",2001
"one_works_full_time,other_part_time",2001
"one_works_full_time,other_part_time",2001
"one_works_full_time,other_part_time",2001
"one_works_full_time,other_part_time",2001
"one_works_full_time,other_part_time",2001
"one_works_full_time,other_part_time",2001
"one_works_full_time,other_part_time",2001
"one_works_full_time,other_part_time",2001
"one_works_full_time,other_part_time",2001
"one_works_full_time,other_part_time",2001
"one_works_full_time,other_part_time",2001
"one_works_full_time,other_part_time",2001
"one_works_full_time,other_part_time",2001
"one_works_full_time,other_part_time",2001
"one_works_full_time,other_part_time",2001
"one_works_full_time,other_part_time",2001
"one_works_full_time,other_part_time",2001
"one_works_full_time,other_part_time",2001
"one_works_full_time,other_part_time",2001
"one_works_full_time,other_part_time",2001
"one_works_full_time,other_part_time",2001
"one_works_full_time,other_part_time",2001
"one_works_full_time,other_part_time",2001
"one_works_full_time,other_part_time",2001
"one_works_full_time,other_part_time",2001
"one_works_full_time,other_part_time",2001
"one_works_full_time,other_part_time",2001
"one_works_full_time,other_part_time",2001
"one_works_full_time,other_part_time",2001
"one_works_full_time,other_part_time",2001
"one_works_full_time,other_part_time",2001
"one_works_full_time,other_part_time",2001
"one_works_full_time,other_part_time",2001
"one_works_full_time,other_part_time",2001
"one_works_full_time,other_part_time",2001
"one_works_full_time,other_part_time",2001
"one_works_full_time,other_part_time",2001
"one_works_full_time,other_part_time",2001
"one_works_full_time,other_part_time",2001
"one_works_full_time,other_part_time",2001
"one_works_full_time,other_part_time",2001
"one_works_full_time,other_part_time",2001
"one_works_full_time,other_part_time",2001
"one_works_full_time,other_part_time",2001
"one_works_full_time,other_part_time",2001
"one_works_full_time,other_part_time",2001
"one_works_full_time,other_part_time",2001
"one_works_full_time,other_part_time",2001
"one_works_full_time,other_part_time",2001
"one_works_full_time,other_part_time",2001
"one_works_full_time,other_part_time",2001
"one_works_full_time,other_part_time",2001
"one_works_full_time,other_part_time",2001
"one_works_full_time,other_part_time",2001
"one_works_full_time,other_part_time",2001
"one_works_full_time,other_part_time",2001
"one_works_full_time,other_part_time",2001
"one_works_full_time,other_part_time",2001
"one_works_full_time,other_part_time",2001
"one_works_full_time,other_part_time",2001
"one_works_full_time,other_part_time",2001
"one_works_full_time,other_part_time",2001
"one_works_full_time,other_part_time",2001
"one_works_full_time,other_part_time",2001
"one_works_full_time,other_part_time",2001
"one_works_full_time,other_part_time",2001
"one_works_full_time,other_part_time",2001
"one_works_full_time,other_part_time",2001
"one_works_full_time,other_part_time",2001
"one_works_full_time,other_part_time",2001
"one_works_full_time,other_part_time",2001
"one_works_full_time,other_part_time",2001
"one_works_full_time,other_part_time",2001
"one_works_full_time,other_part_time",2001
"one_works_full_time,other_part_time",2001
"one_works_full_time,other_part_time",2001
"one_works_full_time,other_part_time",2001
"one_works_full_time,other_part_time",2001
"one_works_full_time,other_part_time",2001
"one_works_full_time,other_part_time",2001
"one_works,other_works_at_home",2001
"one_works,other_works_at_home",2001
"one_works,other_works_at_home",2001
"one_works,other_works_at_home",2001
"one_works,other_works_at_home",2001
"one_works,other_works_at_home",2001
"one_works,other_works_at_home",2001
"one_works,other_works_at_home",2001
"one_works,other_works_at_home",2001
"one_works,other_works_at_home",2001
"one_works,other_works_at_home",2001
"one_works,other_works_at_home",2001
"one_works,other_works_at_home",2001
"one_works,other_works_at_home",2001
"one_works,other_works_at_home",2001
"one_works,other_works_at_home",2001
"one_works,other_works_at_home",2001
"one_works,other_works_at_home",2001
"one_works,other_works_at_home",2001
"one_works,other_works_at_home",2001
"one_works,other_works_at_home",2001
"one_works,other_works_at_home",2001
"one_works,other_works_at_home",2001
"one_works,other_works_at_home",2001
"one_works,other_works_at_home",2001
"one_works,other_works_at_home",2001
"one_works,other_works_at_home",2001
"one_works,other_works_at_home",2001
"one_works,other_works_at_home",2001
"one_works,other_works_at_home",2001
"one_works,other_works_at_home",2001
"one_works,other_works_at_home",2001
"one_works,other_works_at_home",2001
"one_works,other_works_at_home",2001
"one_works,other_works_at_home",2001
"one_works,other_works_at_home",2001
"one_works,other_works_at_home",2001
"one_works,other_works_at_home",2001
"one_works,other_works_at_home",2001
"one_works,other_works_at_home",2001
"one_works,other_works_at_home",2001
"one_works,other_works_at_home",2001
"one_works,other_works_at_home",2001
"one_works,other_works_at_home",2001
"one_works,other_works_at_home",2001
"one_works,other_works_at_home",2001
"one_works,other_works_at_home",2001
"one_works,other_works_at_home",2001
"one_works,other_works_at_home",2001
"one_works,other_works_at_home",2001
"one_works,other_works_at_home",2001
"one_works,other_works_at_home",2001
"one_works,other_works_at_home",2001
"one_works,other_works_at_home",2001
"one_works,other_works_at_home",2001
"one_works,other_works_at_home",2001
"one_works,other_works_at_home",2001
"one_works,other_works_at_home",2001
"one_works,other_works_at_home",2001
"one_works,other_works_at_home",2001
"one_works,other_works_at_home",2001
"one_works,other_works_at_home",2001
"one_works,other_works_at_home",2001
"one_works,other_works_at_home",2001
"one_works,other_works_at_home",2001
"one_works,other_works_at_home",2001
"one_works,other_works_at_home",2001
"one_works,other_works_at_home",2001
"one_works,other_works_at_home",2001
"one_works,other_works_at_home",2001
"one_works,other_works_at_home",2001
"one_works,other_works_at_home",2001
"one_works,other_works_at_home",2001
"one_works,other_works_at_home",2001
"one_works,other_works_at_home",2001
"one_works,other_works_at_home",2001
"one_works,other_works_at_home",2001
"one_works,other_works_at_home",2001
"one_works,other_works_at_home",2001
"one_works,other_works_at_home",2001
"one_works,other_works_at_home",2001
"one_works,other_works_at_home",2001
"one_works,other_works_at_home",2001
"one_works,other_works_at_home",2001
"one_works,other_works_at_home",2001
"one_works,other_works_at_home",2001
"one_works,other_works_at_home",2001
"one_works,other_works_at_home",2001
"one_works,other_works_at_home",2001
"one_works,other_works_at_home",2001
"one_works,other_works_at_home",2001
"one_works,other_works_at_home",2001
"one_works,other_works_at_home",2001
"one_works,other_works_at_home",2001
"one_works,other_works_at_home",2001
"one_works,other_works_at_home",2001
"one_works,other_works_at_home",2001
"one_works,other_works_at_home",2001
"one_works,other_works_at_home",2001
"one_works,other_works_at_home",2001
"one_works,other_works_at_home",2001
"one_works,other_works_at_home",2001
"one_works,other_works_at_home",2001
"one_works,other_works_at_home",2001
"one_works,other_works_at_home",2001
"one_works,other_works_at_home",2001
"one_works,other_works_at_home",2001
"one_works,other_works_at_home",2001
"one_works,other_works_at_home",2001
"one_works,other_works_at_home",2001
"one_works,other_works_at_home",2001
"one_works,other_works_at_home",2001
"one_works,other_works_at_home",2001
"one_works,other_works_at_home",2001
"one_works,other_works_at_home",2001
"one_works,other_works_at_home",2001
"one_works,other_works_at_home",2001
"one_works,other_works_at_home",2001
"one_works,other_works_at_home",2001
"one_works,other_works_at_home",2001
"one_works,other_works_at_home",2001
"one_works,other_works_at_home",2001
"one_works,other_works_at_home",2001
"one_works,other_works_at_home",2001
"one_works,other_works_at_home",2001
"one_works,other_works_at_home",2001
"one_works,other_works_at_home",2001
"one_works,other_works_at_home",2001
"one_works,other_works_at_home",2001
"one_works,other_works_at_home",2001
"one_works,other_works_at_home",2001
"one_works,other_works_at_home",2001
"one_works,other_works_at_home",2001
"one_works,other_works_at_home",2001
"one_works,other_works_at_home",2001
"one_works,other_works_at_home",2001
"one_works,other_works_at_home",2001
"one_works,other_works_at_home",2001
"one_works,other_works_at_home",2001
"one_works,other_works_at_home",2001
"one_works,other_works_at_home",2001
"one_works,other_works_at_home",2001
"one_works,other_works_at_home",2001
"one_works,other_works_at_home",2001
"one_works,other_works_at_home",2001
"one_works,other_works_at_home",2001
"one_works,other_works_at_home",2001
"one_works,other_works_at_home",2001
"one_works,other_works_at_home",2001
"one_works,other_works_at_home",2001
"one_works,other_works_at_home",2001
"one_works,other_works_at_home",2001
"one_works,other_works_at_home",2001
"one_works,other_works_at_home",2001
"one_works,other_works_at_home",2001
"one_works,other_works_at_home",2001
"one_works,other_works_at_home",2001
"one_works,other_works_at_home",2001
"one_works,other_works_at_home",2001
"one_works,other_works_at_home",2001
"one_works,other_works_at_home",2001
"one_works,other_works_at_home",2001
"one_works,other_works_at_home",2001
"one_works,other_works_at_home",2001
"one_works,other_works_at_home",2001
"one_works,other_works_at_home",2001
"one_works,other_works_at_home",2001
"one_works,other_works_at_home",2001
"one_works,other_works_at_home",2001
"one_works,other_works_at_home",2001
"one_works,other_works_at_home",2001
"one_works,other_works_at_home",2001
"one_works,other_works_at_home",2001
"one_works,other_stays_home_for_kids",2001
"one_works,other_stays_home_for_kids",2001
"one_works,other_stays_home_for_kids",2001
"one_works,other_stays_home_for_kids",2001
"one_works,other_stays_home_for_kids",2001
"one_works,other_stays_home_for_kids",2001
"one_works,other_stays_home_for_kids",2001
"one_works,other_stays_home_for_kids",2001
"one_works,other_stays_home_for_kids",2001
"one_works,other_stays_home_for_kids",2001
"one_works,other_stays_home_for_kids",2001
"one_works,other_stays_home_for_kids",2001
"one_works,other_stays_home_for_kids",2001
"one_works,other_stays_home_for_kids",2001
"one_works,other_stays_home_for_kids",2001
"one_works,other_stays_home_for_kids",2001
"one_works,other_stays_home_for_kids",2001
"one_works,other_stays_home_for_kids",2001
"one_works,other_stays_home_for_kids",2001
"one_works,other_stays_home_for_kids",2001
"one_works,other_stays_home_for_kids",2001
"one_works,other_stays_home_for_kids",2001
"one_works,other_stays_home_for_kids",2001
"one_works,other_stays_home_for_kids",2001
"one_works,other_stays_home_for_kids",2001
"one_works,other_stays_home_for_kids",2001
"one_works,other_stays_home_for_kids",2001
"one_works,other_stays_home_for_kids",2001
"one_works,other_stays_home_for_kids",2001
"one_works,other_stays_home_for_kids",2001
"one_works,other_stays_home_for_kids",2001
"one_works,other_stays_home_for_kids",2001
"one_works,other_stays_home_for_kids",2001
"one_works,other_stays_home_for_kids",2001
"one_works,other_stays_home_for_kids",2001
"one_works,other_stays_home_for_kids",2001
"one_works,other_stays_home_for_kids",2001
"one_works,other_stays_home_for_kids",2001
"one_works,other_stays_home_for_kids",2001
"one_works,other_stays_home_for_kids",2001
"one_works,other_stays_home_for_kids",2001
"one_works,other_stays_home_for_kids",2001
"one_works,other_stays_home_for_kids",2001
"one_works,other_stays_home_for_kids",2001
"one_works,other_stays_home_for_kids",2001
"one_works,other_stays_home_for_kids",2001
"one_works,other_stays_home_for_kids",2001
"one_works,other_stays_home_for_kids",2001
"one_works,other_stays_home_for_kids",2001
"one_works,other_stays_home_for_kids",2001
"one_works,other_stays_home_for_kids",2001
"one_works,other_stays_home_for_kids",2001
"one_works,other_stays_home_for_kids",2001
"one_works,other_stays_home_for_kids",2001
"one_works,other_stays_home_for_kids",2001
"one_works,other_stays_home_for_kids",2001
"one_works,other_stays_home_for_kids",2001
"one_works,other_stays_home_for_kids",2001
"one_works,other_stays_home_for_kids",2001
"one_works,other_stays_home_for_kids",2001
"one_works,other_stays_home_for_kids",2001
"one_works,other_stays_home_for_kids",2001
"one_works,other_stays_home_for_kids",2001
"one_works,other_stays_home_for_kids",2001
"one_works,other_stays_home_for_kids",2001
"one_works,other_stays_home_for_kids",2001
"one_works,other_stays_home_for_kids",2001
"one_works,other_stays_home_for_kids",2001
"one_works,other_stays_home_for_kids",2001
"one_works,other_stays_home_for_kids",2001
"one_works,other_stays_home_for_kids",2001
"one_works,other_stays_home_for_kids",2001
"one_works,other_stays_home_for_kids",2001
"one_works,other_stays_home_for_kids",2001
"one_works,other_stays_home_for_kids",2001
"one_works,other_stays_home_for_kids",2001
"one_works,other_stays_home_for_kids",2001
"one_works,other_stays_home_for_kids",2001
"one_works,other_stays_home_for_kids",2001
"one_works,other_stays_home_for_kids",2001
"one_works,other_stays_home_for_kids",2001
"one_works,other_stays_home_for_kids",2001
"one_works,other_stays_home_for_kids",2001
"one_works,other_stays_home_for_kids",2001
"one_works,other_stays_home_for_kids",2001
"one_works,other_stays_home_for_kids",2001
"one_works,other_stays_home_for_kids",2001
"one_works,other_stays_home_for_kids",2001
"one_works,other_stays_home_for_kids",2001
"one_works,other_stays_home_for_kids",2001
"one_works,other_stays_home_for_kids",2001
"one_works,other_stays_home_for_kids",2001
"one_works,other_stays_home_for_kids",2001
"one_works,other_stays_home_for_kids",2001
"one_works,other_stays_home_for_kids",2001
"one_works,other_stays_home_for_kids",2001
"one_works,other_stays_home_for_kids",2001
"one_works,other_stays_home_for_kids",2001
"one_works,other_stays_home_for_kids",2001
"one_works,other_stays_home_for_kids",2001
"one_works,other_stays_home_for_kids",2001
"one_works,other_stays_home_for_kids",2001
"one_works,other_stays_home_for_kids",2001
"one_works,other_stays_home_for_kids",2001
"one_works,other_stays_home_for_kids",2001
"one_works,other_stays_home_for_kids",2001
"one_works,other_stays_home_for_kids",2001
"one_works,other_stays_home_for_kids",2001
"one_works,other_stays_home_for_kids",2001
"one_works,other_stays_home_for_kids",2001
"one_works,other_stays_home_for_kids",2001
"one_works,other_stays_home_for_kids",2001
"one_works,other_stays_home_for_kids",2001
"one_works,other_stays_home_for_kids",2001
"one_works,other_stays_home_for_kids",2001
"one_works,other_stays_home_for_kids",2001
"one_works,other_stays_home_for_kids",2001
"one_works,other_stays_home_for_kids",2001
"one_works,other_stays_home_for_kids",2001
"one_works,other_stays_home_for_kids",2001
"one_works,other_stays_home_for_kids",2001
"one_works,other_stays_home_for_kids",2001
"one_works,other_stays_home_for_kids",2001
"one_works,other_stays_home_for_kids",2001
"one_works,other_stays_home_for_kids",2001
"one_works,other_stays_home_for_kids",2001
"one_works,other_stays_home_for_kids",2001
"one_works,other_stays_home_for_kids",2001
"one_works,other_stays_home_for_kids",2001
"one_works,other_stays_home_for_kids",2001
"one_works,other_stays_home_for_kids",2001
"one_works,other_stays_home_for_kids",2001
"one_works,other_stays_home_for_kids",2001
"one_works,other_stays_home_for_kids",2001
"one_works,other_stays_home_for_kids",2001
"one_works,other_stays_home_for_kids",2001
"one_works,other_stays_home_for_kids",2001
"one_works,other_stays_home_for_kids",2001
"one_works,other_stays_home_for_kids",2001
"one_works,other_stays_home_for_kids",2001
"one_works,other_stays_home_for_kids",2001
"one_works,other_stays_home_for_kids",2001
"one_works,other_stays_home_for_kids",2001
"one_works,other_stays_home_for_kids",2001
"one_works,other_stays_home_for_kids",2001
"one_works,other_stays_home_for_kids",2001
"one_works,other_stays_home_for_kids",2001
"one_works,other_stays_home_for_kids",2001
"one_works,other_stays_home_for_kids",2001
"one_works,other_stays_home_for_kids",2001
"one_works,other_stays_home_for_kids",2001
"one_works,other_stays_home_for_kids",2001
"one_works,other_stays_home_for_kids",2001
"one_works,other_stays_home_for_kids",2001
"one_works,other_stays_home_for_kids",2001
"one_works,other_stays_home_for_kids",2001
"one_works,other_stays_home_for_kids",2001
"one_works,other_stays_home_for_kids",2001
"one_works,other_stays_home_for_kids",2001
"one_works,other_stays_home_for_kids",2001
"one_works,other_stays_home_for_kids",2001
"one_works,other_stays_home_for_kids",2001
"one_works,other_stays_home_for_kids",2001
"one_works,other_stays_home_for_kids",2001
"one_works,other_stays_home_for_kids",2001
"one_works,other_stays_home_for_kids",2001
"one_works,other_stays_home_for_kids",2001
"one_works,other_stays_home_for_kids",2001
"one_works,other_stays_home_for_kids",2001
"one_works,other_stays_home_for_kids",2001
"one_works,other_stays_home_for_kids",2001
"one_works,other_stays_home_for_kids",2001
"one_works,other_stays_home_for_kids",2001
"one_works,other_stays_home_for_kids",2001
"one_works,other_stays_home_for_kids",2001
"one_works,other_stays_home_for_kids",2001
"one_works,other_stays_home_for_kids",2001
"one_works,other_stays_home_for_kids",2001
"one_works,other_stays_home_for_kids",2001
"one_works,other_stays_home_for_kids",2001
"one_works,other_stays_home_for_kids",2001
"one_works,other_stays_home_for_kids",2001
"one_works,other_stays_home_for_kids",2001
"one_works,other_stays_home_for_kids",2001
"one_works,other_stays_home_for_kids",2001
"one_works,other_stays_home_for_kids",2001
"one_works,other_stays_home_for_kids",2001
"one_works,other_stays_home_for_kids",2001
"one_works,other_stays_home_for_kids",2001
"one_works,other_stays_home_for_kids",2001
"one_works,other_stays_home_for_kids",2001
"one_works,other_stays_home_for_kids",2001
"one_works,other_stays_home_for_kids",2001
"one_works,other_stays_home_for_kids",2001
"one_works,other_stays_home_for_kids",2001
"one_works,other_stays_home_for_kids",2001
"one_works,other_stays_home_for_kids",2001
"one_works,other_stays_home_for_kids",2001
"one_works,other_stays_home_for_kids",2001
"one_works,other_stays_home_for_kids",2001
"one_works,other_stays_home_for_kids",2001
"one_works,other_stays_home_for_kids",2001
"one_works,other_stays_home_for_kids",2001
"one_works,other_stays_home_for_kids",2001
"one_works,other_stays_home_for_kids",2001
"one_works,other_stays_home_for_kids",2001
"one_works,other_stays_home_for_kids",2001
"one_works,other_stays_home_for_kids",2001
"one_works,other_stays_home_for_kids",2001
"one_works,other_stays_home_for_kids",2001
"one_works,other_stays_home_for_kids",2001
"one_works,other_stays_home_for_kids",2001
"one_works,other_stays_home_for_kids",2001
"one_works,other_stays_home_for_kids",2001
"one_works,other_stays_home_for_kids",2001
"one_works,other_stays_home_for_kids",2001
"one_works,other_stays_home_for_kids",2001
"one_works,other_stays_home_for_kids",2001
"one_works,other_stays_home_for_kids",2001
"one_works,other_stays_home_for_kids",2001
"one_works,other_stays_home_for_kids",2001
"one_works,other_stays_home_for_kids",2001
"one_works,other_stays_home_for_kids",2001
"one_works,other_stays_home_for_kids",2001
"one_works,other_stays_home_for_kids",2001
"one_works,other_stays_home_for_kids",2001
"one_works,other_stays_home_for_kids",2001
"one_works,other_stays_home_for_kids",2001
"one_works,other_stays_home_for_kids",2001
"one_works,other_stays_home_for_kids",2001
"one_works,other_stays_home_for_kids",2001
"one_works,other_stays_home_for_kids",2001
"one_works,other_stays_home_for_kids",2001
"one_works,other_stays_home_for_kids",2001
"one_works,other_stays_home_for_kids",2001
"one_works,other_stays_home_for_kids",2001
"one_works,other_stays_home_for_kids",2001
"one_works,other_stays_home_for_kids",2001
"one_works,other_stays_home_for_kids",2001
"one_works,other_stays_home_for_kids",2001
"one_works,other_stays_home_for_kids",2001
"one_works,other_stays_home_for_kids",2001
"one_works,other_stays_home_for_kids",2001
"one_works,other_stays_home_for_kids",2001
"one_works,other_stays_home_for_kids",2001
"one_works,other_stays_home_for_kids",2001
"one_works,other_stays_home_for_kids",2001
"one_works,other_stays_home_for_kids",2001
"one_works,other_stays_home_for_kids",2001
"one_works,other_stays_home_for_kids",2001
"one_works,other_stays_home_for_kids",2001
"one_works,other_stays_home_for_kids",2001
"one_works,other_stays_home_for_kids",2001
"one_works,other_stays_home_for_kids",2001
"one_works,other_stays_home_for_kids",2001
"one_works,other_stays_home_for_kids",2001
"one_works,other_stays_home_for_kids",2001
"one_works,other_stays_home_for_kids",2001
"one_works,other_stays_home_for_kids",2001
"one_works,other_stays_home_for_kids",2001
"one_works,other_stays_home_for_kids",2001
"one_works,other_stays_home_for_kids",2001
"one_works,other_stays_home_for_kids",2001
"one_works,other_stays_home_for_kids",2001
"one_works,other_stays_home_for_kids",2001
"one_works,other_stays_home_for_kids",2001
"one_works,other_stays_home_for_kids",2001
"one_works,other_stays_home_for_kids",2001
"one_works,other_stays_home_for_kids",2001
"one_works,other_stays_home_for_kids",2001
"one_works,other_stays_home_for_kids",2001
"one_works,other_stays_home_for_kids",2001
"one_works,other_stays_home_for_kids",2001
"one_works,other_stays_home_for_kids",2001
"one_works,other_stays_home_for_kids",2001
"one_works,other_stays_home_for_kids",2001
"one_works,other_stays_home_for_kids",2001
"one_works,other_stays_home_for_kids",2001
"one_works,other_stays_home_for_kids",2001
"one_works,other_stays_home_for_kids",2001
"one_works,other_stays_home_for_kids",2001
"one_works,other_stays_home_for_kids",2001
"one_works,other_stays_home_for_kids",2001
"one_works,other_stays_home_for_kids",2001
"one_works,other_stays_home_for_kids",2001
"one_works,other_stays_home_for_kids",2001
"one_works,other_stays_home_for_kids",2001
"one_works,other_stays_home_for_kids",2001
"one_works,other_stays_home_for_kids",2001
"one_works,other_stays_home_for_kids",2001
"one_works,other_stays_home_for_kids",2001
"one_works,other_stays_home_for_kids",2001
"one_works,other_stays_home_for_kids",2001
"one_works,other_stays_home_for_kids",2001
"one_works,other_stays_home_for_kids",2001
"one_works,other_stays_home_for_kids",2001
"one_works,other_stays_home_for_kids",2001
"one_works,other_stays_home_for_kids",2001
"one_works,other_stays_home_for_kids",2001
"one_works,other_stays_home_for_kids",2001
"one_works,other_stays_home_for_kids",2001
"one_works,other_stays_home_for_kids",2001
"one_works,other_stays_home_for_kids",2001
"one_works,other_stays_home_for_kids",2001
"one_works,other_stays_home_for_kids",2001
"one_works,other_stays_home_for_kids",2001
"one_works,other_stays_home_for_kids",2001
"one_works,other_stays_home_for_kids",2001
"one_works,other_stays_home_for_kids",2001
"one_works,other_stays_home_for_kids",2001
"one_works,other_stays_home_for_kids",2001
"one_works,other_stays_home_for_kids",2001
"one_works,other_stays_home_for_kids",2001
"one_works,other_stays_home_for_kids",2001
"one_works,other_stays_home_for_kids",2001
"one_works,other_stays_home_for_kids",2001
"one_works,other_stays_home_for_kids",2001
"one_works,other_stays_home_for_kids",2001
"one_works,other_stays_home_for_kids",2001
"one_works,other_stays_home_for_kids",2001
"one_works,other_stays_home_for_kids",2001
"one_works,other_stays_home_for_kids",2001
"one_works,other_stays_home_for_kids",2001
"one_works,other_stays_home_for_kids",2001
"one_works,other_stays_home_for_kids",2001
"one_works,other_stays_home_for_kids",2001
"one_works,other_stays_home_for_kids",2001
"one_works,other_stays_home_for_kids",2001
"one_works,other_stays_home_for_kids",2001
"one_works,other_stays_home_for_kids",2001
"one_works,other_stays_home_for_kids",2001
"one_works,other_stays_home_for_kids",2001
"one_works,other_stays_home_for_kids",2001
"one_works,other_stays_home_for_kids",2001
"one_works,other_stays_home_for_kids",2001
"one_works,other_stays_home_for_kids",2001
"one_works,other_stays_home_for_kids",2001
"one_works,other_stays_home_for_kids",2001
"one_works,other_stays_home_for_kids",2001
"one_works,other_stays_home_for_kids",2001
"one_works,other_stays_home_for_kids",2001
"one_works,other_stays_home_for_kids",2001
"one_works,other_stays_home_for_kids",2001
"one_works,other_stays_home_for_kids",2001
"one_works,other_stays_home_for_kids",2001
"one_works,other_stays_home_for_kids",2001
"one_works,other_stays_home_for_kids",2001
"one_works,other_stays_home_for_kids",2001
"one_works,other_stays_home_for_kids",2001
"one_works,other_stays_home_for_kids",2001
"one_works,other_stays_home_for_kids",2001
"one_works,other_stays_home_for_kids",2001
"one_works,other_stays_home_for_kids",2001
"one_works,other_stays_home_for_kids",2001
"one_works,other_stays_home_for_kids",2001
"one_works,other_stays_home_for_kids",2001
"one_works,other_stays_home_for_kids",2001
"one_works,other_stays_home_for_kids",2001
"one_works,other_stays_home_for_kids",2001
"one_works,other_stays_home_for_kids",2001
"one_works,other_stays_home_for_kids",2001
"one_works,other_stays_home_for_kids",2001
"one_works,other_stays_home_for_kids",2001
"one_works,other_stays_home_for_kids",2001
"one_works,other_stays_home_for_kids",2001
"one_works,other_stays_home_for_kids",2001
"one_works,other_stays_home_for_kids",2001
"one_works,other_stays_home_for_kids",2001
"one_works,other_stays_home_for_kids",2001
"one_works,other_stays_home_for_kids",2001
"one_works,other_stays_home_for_kids",2001
"one_works,other_stays_home_for_kids",2001
"one_works,other_stays_home_for_kids",2001
"one_works,other_stays_home_for_kids",2001
"one_works,other_stays_home_for_kids",2001
"one_works,other_stays_home_for_kids",2001
"one_works,other_stays_home_for_kids",2001
"one_works,other_stays_home_for_kids",2001
"one_works,other_stays_home_for_kids",2001
"one_works,other_stays_home_for_kids",2001
"one_works,other_stays_home_for_kids",2001
"one_works,other_stays_home_for_kids",2001
"one_works,other_stays_home_for_kids",2001
"one_works,other_stays_home_for_kids",2001
"one_works,other_stays_home_for_kids",2001
"one_works,other_stays_home_for_kids",2001
"one_works,other_stays_home_for_kids",2001
"one_works,other_stays_home_for_kids",2001
"one_works,other_stays_home_for_kids",2001
"one_works,other_stays_home_for_kids",2001
"one_works,other_stays_home_for_kids",2001
"one_works,other_stays_home_for_kids",2001
"one_works,other_stays_home_for_kids",2001
"one_works,other_stays_home_for_kids",2001
"one_works,other_stays_home_for_kids",2001
"one_works,other_stays_home_for_kids",2001
"one_works,other_stays_home_for_kids",2001
"one_works,other_stays_home_for_kids",2001
"one_works,other_stays_home_for_kids",2001
"one_works,other_stays_home_for_kids",2001
"one_works,other_stays_home_for_kids",2001
"one_works,other_stays_home_for_kids",2001
"one_works,other_stays_home_for_kids",2001
"one_works,other_stays_home_for_kids",2001
"one_works,other_stays_home_for_kids",2001
"one_works,other_stays_home_for_kids",2001
"one_works,other_stays_home_for_kids",2001
"one_works,other_stays_home_for_kids",2001
"one_works,other_stays_home_for_kids",2001
"one_works,other_stays_home_for_kids",2001
"one_works,other_stays_home_for_kids",2001
"one_works,other_stays_home_for_kids",2001
"one_works,other_stays_home_for_kids",2001
"one_works,other_stays_home_for_kids",2001
"one_works,other_stays_home_for_kids",2001
"one_works,other_stays_home_for_kids",2001
no_opinion,2001
no_opinion,2001
no_opinion,2001
no_opinion,2001
no_opinion,2001
no_opinion,2001
no_opinion,2001
no_opinion,2001
no_opinion,2001
no_opinion,2001
no_opinion,2001
no_opinion,2001
no_opinion,2001
no_opinion,2001
no_opinion,2001
no_opinion,2001
no_opinion,2001
no_opinion,2001
no_opinion,2001
no_opinion,2001
no_opinion,2001
no_opinion,2001
no_opinion,2001
no_opinion,2001
no_opinion,2001
no_opinion,2001
no_opinion,2001
no_opinion,2001
no_opinion,2001
no_opinion,2001
no_opinion,2001
no_opinion,2001
no_opinion,2001
no_opinion,2001
no_opinion,2001
no_opinion,2001
no_opinion,2001
no_opinion,2001
no_opinion,2001
no_opinion,2001
no_opinion,2001
no_opinion,2001
no_opinion,2001
no_opinion,2001
no_opinion,2001
no_opinion,2001
no_opinion,2001
no_opinion,2001
no_opinion,2001
no_opinion,2001
no_opinion,2001
